index,CHEMBL,KEGG,PUBCHEM,high_hba1c_minus_control,high_hba1c_minus_control_pvals
S-1-pyrroline-5-carboxylate,CHEMBL1161508,C04322,1196.0,,
spermidine,CHEMBL19612,C00315,1102.0,,
1-methylnicotinamide,CHEMBL71733,C02918,457.0,,
"12,13-DiHOME",,C14829,10236635.0,,
5-hydroxyindoleacetate,CHEMBL395915,C05635,1826.0,,
alpha-ketoglutarate,CHEMBL1686,C00026,51.0,,
kynurenate,CHEMBL299155,C01717,3845.0,,
3-hydroxyisobutyrate,,C06001,87.0,,
3-hydroxy-3-methylglutarate,CHEMBL50444,C03761,1662.0,,
homovanillate (HVA),CHEMBL1562,C05582,1738.0,,
3-phosphoglycerate,CHEMBL87788,C00597,724.0,,
cholate,CHEMBL205596,C00695,221493.0,,
4-hydroxyphenylacetate,CHEMBL1772,C00642,127.0,,
"5,6-dihydrothymine",,C00906,93556.0,,
hypoxanthine,,C00262,790.0,,
"9,10-DiHOME",,C14828,9966640.0,,
linoleate (18:2n6),CHEMBL267476,C01595,5280450.0,,
laurate (12:0),CHEMBL108766,C02679,3893.0,,
quinolinate,CHEMBL286204,C03722,1066.0,,
"N6,N6,N6-trimethyllysine",,C03793,440120.0,,
N-acetylputrescine,CHEMBL81241,C02714,122356.0,,
N-formylmethionine,,C03145,439750.0,,
S-adenosylhomocysteine (SAH),CHEMBL418052,C00021,439155.0,,
"adenosine 3',5'-cyclic monophosphate (cAMP)",CHEMBL316966,C00575,6076.0,,
adenosine 5'-monophosphate (AMP),CHEMBL752,C00020,6083.0,,
5-methylthioadenosine (MTA),CHEMBL277041,C00170,439176.0,,
arachidonate (20:4n6),CHEMBL15594,C00219,444899.0,,
arginine,,C00062,232.0,,
aspartate,CHEMBL274323,C00049,5960.0,,
2-hydroxyphenylacetate,CHEMBL240714,C05852,11970.0,,
3-(4-hydroxyphenyl)lactate,CHEMBL1162489,C03672,9378.0,,
phenylpyruvate,CHEMBL1162488,C00166,997.0,,
beta-alanine,CHEMBL297569,C00099,239.0,,
carnosine,CHEMBL242948,C00386,439224.0,,
biliverdin,,C00500,5353439.0,,
succinate,CHEMBL576,C00042,1110.0,,
3-hydroxybutyrate (BHBA),CHEMBL1162496,C01089,441.0,,
cholesterol,CHEMBL1867358,C00187,11025495.0,,
choline phosphate,CHEMBL1235161,C00588,1014.0,,
corticosterone,CHEMBL110739,C02140,5753.0,,
cortisone,CHEMBL1499,C00762,222786.0,,
creatinine,CHEMBL65567,C00791,588.0,,
cysteinylglycine,CHEMBL371579,C01419,439498.0,,
cystine,CHEMBL590540,C00491,67678.0,,
sphingosine,CHEMBL67166,C00319,5353955.0,,
deoxycholate,CHEMBL406393,C04483,222528.0,,
cystathionine,,C02291,439258.0,,
sphinganine,,C00836,3126.0,,
flavin adenine dinucleotide (FAD),CHEMBL1232653,C00016,643975.0,,
fumarate,CHEMBL503160,C00122,444972.0,,
gamma-glutamylglutamate,,C05282,92865.0,,
gluconate,CHEMBL464345,C00257,10690.0,,
glutarate (C5-DC),CHEMBL1162495,C00489,743.0,,
glycine,CHEMBL773,C00037,750.0,,
glycocholate,CHEMBL411070,C01921,10140.0,,
guanidinoacetate,CHEMBL281593,C00581,763.0,,
histidine,CHEMBL17962,C00135,6274.0,,
cortisol,CHEMBL389621,C00735,5754.0,,
hypotaurine,CHEMBL1256480,C00519,107812.0,,
inosine,,C00294,6021.0,,
myo-inositol,CHEMBL3976780,C00137,892.0,,
isoleucine,CHEMBL1233584,C00407,6306.0,,
2-aminoadipate,CHEMBL433238,C00956,469.0,,
citrulline,CHEMBL444814,C00327,9750.0,,
lactose,,C00243,84571.0,,
leucine,CHEMBL291962,C00123,6106.0,,
lysine,CHEMBL8085,C00047,5962.0,,
malate,CHEMBL1455497,C00149,525.0,,
methionine,CHEMBL42336,C00073,6137.0,,
palmitate (16:0),CHEMBL82293,C00249,985.0,,
nicotinamide,CHEMBL1140,C00153,936.0,,
stearate (18:0),CHEMBL46403,C01530,5281.0,,
ornithine,CHEMBL446143,C00077,6262.0,,
orotate,CHEMBL1235017,C00295,967.0,,
palmitoleate (16:1n7),CHEMBL453509,C08362,445638.0,,
phenylalanine,CHEMBL301523,C00079,6140.0,,
phosphate,,C00009,1061.0,,
proline,CHEMBL54922,C00148,145742.0,,
lactate,CHEMBL1200559,C00186,612.0,,
pyridoxal,CHEMBL102970,C00250,1050.0,,
retinol (Vitamin A),CHEMBL986,C00473,445354.0,,
salicylate,CHEMBL424,C00805,338.0,,
serine,CHEMBL11298,C00065,5951.0,,
serotonin,CHEMBL39,C00780,5202.0,,
taurine,CHEMBL239243,C00245,1123.0,,
myristate (14:0),CHEMBL111077,C06424,11005.0,,
urea,CHEMBL985,C00086,1176.0,,
uridine,CHEMBL100259,C00299,6029.0,,
trans-urocanate,CHEMBL1236602,C00785,736715.0,,
glutamate,CHEMBL276389,C00025,611.0,,
glutamine,CHEMBL930,C00064,5961.0,,
threonine,CHEMBL291747,C00188,6288.0,,
tryptophan,CHEMBL54976,C00078,6305.0,,
valine,CHEMBL43068,C00183,6287.0,,
nicotinate,CHEMBL573,C00253,938.0,,
glucose,CHEMBL1222250,C00031,5793.0,,
alpha-ketobutyrate,CHEMBL171246,C00109,58.0,,
adenosine,CHEMBL477,C00212,60961.0,,
betaine,CHEMBL1182,C00719,247.0,,
cysteine,CHEMBL863,C00097,5862.0,,
mannose,CHEMBL469448,C00159,18950.0,,
dimethylglycine,CHEMBL1232274,C01026,673.0,,
alanine,CHEMBL279597,C00041,5950.0,,
tyrosine,CHEMBL925,C00082,6057.0,,
pseudouridine,CHEMBL3144027,C02067,15047.0,,
pyruvate,CHEMBL1162144,C00022,1060.0,,
uracil,CHEMBL566,C00106,1174.0,,
xylose,CHEMBL502135,C00181,135191.0,,
cytidine,CHEMBL95606,C00475,6175.0,,
cotinine,CHEMBL578211,,854019.0,,
caffeine,CHEMBL113,C07481,2519.0,,
fructose,CHEMBL1232863,C00095,5984.0,,
adenine,CHEMBL226345,C00147,190.0,,
cytosine,CHEMBL15913,C00380,597.0,,
caprate (10:0),CHEMBL107498,C01571,2969.0,,
margarate (17:0),CHEMBL1172910,,10465.0,,
nonadecanoate (19:0),CHEMBL1169674,C16535,12591.0,,
arachidate (20:0),CHEMBL1173381,C06425,10467.0,,
maltose,,C00208,10991489.0,,
asparagine,CHEMBL58832,C00152,6267.0,,
N-stearoyl-sphinganine (d18:0/18:0)*,,,5283573.0,,
dihydroorotate,CHEMBL75782,C00337,648.0,,
caproate (6:0),CHEMBL14184,C01585,8892.0,,
caprylate (8:0),CHEMBL324846,C06423,379.0,,
pentadecanoate (15:0),CHEMBL460025,C16537,13849.0,,
trans-4-hydroxyproline,CHEMBL352418,C01157,5810.0,,
allantoin,CHEMBL593429,C02350,204.0,,
xanthine,CHEMBL1424,C00385,1188.0,,
5-oxoproline,CHEMBL397976,C01879,7405.0,,
picolinate,CHEMBL72628,C10164,1018.0,,
sarcosine,CHEMBL304383,C00213,1088.0,,
pantothenate,CHEMBL1594,C00864,6613.0,,
pipecolate,CHEMBL308408,C00408,849.0,,
phosphoethanolamine,CHEMBL146972,C00346,1015.0,,
glycerate,,C00258,752.0,,
3-ureidopropionate,CHEMBL20962,C02642,111.0,,
N-acetylleucine,CHEMBL56021,C02710,70912.0,,
N-acetylmethionine,,C02712,448580.0,,
N-acetylvaline,,,66789.0,,
erucate (22:1n9),CHEMBL1173380,C08316,5281116.0,,
"bilirubin (Z,Z)",CHEMBL501680,C00486,5280352.0,,
thyroxine,CHEMBL1624,C01829,5819.0,,
gamma-glutamyltyrosine,,,94340.0,,
methyl indole-3-acetate,CHEMBL4529044,,74706.0,,
alpha-tocopherol,CHEMBL47,C02477,14985.0,,
N-acetylalanine,CHEMBL1231115,C02847,88064.0,,
vanillylmandelate (VMA),CHEMBL1256396,C05584,1245.0,,
4-acetamidobutanoate,,C02946,18189.0,,
3-aminoisobutyrate,CHEMBL3544550,C05145,64956.0,,
citrate,CHEMBL1261,C00158,311.0,,
2-aminobutyrate,CHEMBL553426,C02261,439691.0,,
urate,CHEMBL792,C00366,1175.0,,
ursodeoxycholate,CHEMBL1551,C07880,31401.0,,
oleoyl ethanolamide,CHEMBL280065,,5283454.0,,
gamma-glutamylglutamine,,C05283,150914.0,,
4-hydroxyphenylpyruvate,CHEMBL607712,C01179,979.0,,
butyrate/isobutyrate (4:0),CHEMBL14227,C00246,264.0,,
tigloylglycine,,,6441567.0,,
N-acetylneuraminate,CHEMBL4280954,C00270,439197.0,,
N-acetylglucosaminylasparagine,,C04540,123826.0,,
acetoacetate,CHEMBL1230762,C00164,96.0,,
creatine,CHEMBL283800,C00300,586.0,,
"cys-gly, oxidized",,,333293.0,,
estrone 3-sulfate,CHEMBL494753,C02538,3001028.0,,
dihomo-linoleate (20:2n6),CHEMBL464983,C16525,6439848.0,,
gamma-glutamylhistidine,,,7017195.0,,
2-hydroxystearate,CHEMBL4562220,C03045,69417.0,,
N1-methyladenosine,CHEMBL1866485,C02494,27476.0,,
glycerol,CHEMBL692,C00116,753.0,,
choline,CHEMBL920,C00114,305.0,,
gamma-glutamylleucine,,,151023.0,,
3-methoxytyrosine,,,1670.0,,
fluoxetine,CHEMBL41,D00326,3386.0,,
4-acetamidophenol,CHEMBL112,C06804,1983.0,,
naproxen,CHEMBL154,C01517,156391.0,,
beta-hydroxyisovalerate,CHEMBL4303793,,69362.0,,
ibuprofen,CHEMBL521,D00126,3672.0,,
arachidonoyl ethanolamide,CHEMBL15848,C11695,5281969.0,,
palmitoyl ethanolamide,CHEMBL417675,C16512,4671.0,,
N-palmitoyl-sphingosine (d18:1/16:0),CHEMBL35292,,5283564.0,,
1-palmitoyl-2-oleoyl-GPE (16:0/18:1),,,5283496.0,,
1-palmitoyl-2-linoleoyl-GPI (16:0/18:2),,,,,
1-palmitoyl-2-linoleoyl-GPC (16:0/18:2),,,5287971.0,,
stearoyl sphingomyelin (d18:1/18:0),CHEMBL1609656,C00550,6453725.0,,
1-palmitoyl-2-oleoyl-GPC (16:0/18:1),CHEMBL285376,,6436017.0,,
N-stearoyl-sphingosine (d18:1/18:0)*,,,5283565.0,,
glycochenodeoxycholate,CHEMBL1552,C05466,12544.0,,
taurochenodeoxycholate,CHEMBL185878,C05465,387316.0,,
taurocholate,CHEMBL224867,C05122,6675.0,,
taurodeoxycholate,CHEMBL412272,C05463,2733768.0,,
2-hydroxyhippurate (salicylurate),CHEMBL586,C07588,10253.0,,
metoprolol,CHEMBL13,D02358,4171.0,,
3-(N-acetyl-L-cystein-S-yl) acetaminophen,,,83967.0,,
4-acetaminophen sulfate,CHEMBL3544802,C06804,83939.0,,
eicosapentaenoate (EPA; 20:5n3),CHEMBL460026,C06428,446284.0,,
methylsuccinate,,,10349.0,,
ethylmalonate,CHEMBL1160009,,11756.0,,
carnitine,CHEMBL1149,C00318,10917.0,,
benzoate,CHEMBL541,C00180,243.0,,
3-phenylpropionate (hydrocinnamate),CHEMBL851,C05629,107.0,,
phenylacetate,CHEMBL1044,C07086,999.0,,
hippurate,CHEMBL461,C01586,464.0,,
xanthurenate,CHEMBL312535,C02470,5699.0,,
suberate (C8-DC),CHEMBL1162491,C08278,10457.0,,
3-methyl-2-oxovalerate,,C00671,47.0,,
methionine sulfoxide,CHEMBL445753,C02989,158980.0,,
3-methylhistidine,,C01152,64969.0,,
4-acetamidophenylglucuronide,CHEMBL1647,,83944.0,,
5-hydroxylysine,CHEMBL145167,C16741,1029.0,,
4-guanidinobutanoate,CHEMBL21157,C01035,500.0,,
glucuronate,,C00191,444791.0,,
glycerol 3-phosphate,CHEMBL358320,C00093,754.0,,
imidazole lactate,,C05568,793.0,,
kynurenine,CHEMBL498416,C00328,161166.0,,
glycerophosphorylcholine (GPC),CHEMBL4750376,C00670,71920.0,,
maltotriose,CHEMBL4637211,C01835,439586.0,,
N-acetylglutamate,CHEMBL1234751,C00624,70914.0,,
N-alpha-acetylornithine,,C00437,439232.0,,
tartarate,CHEMBL1236315,C00898,444305.0,,
xanthosine,CHEMBL402439,C01762,64959.0,,
ribitol,CHEMBL3137744,C00474,6912.0,,
glycodeoxycholate,CHEMBL258605,C05464,3035026.0,,
theophylline,CHEMBL190,C07130,2153.0,,
quinate,CHEMBL465398,C00296,6508.0,,
theobromine,CHEMBL1114,C07480,5429.0,,
gentisate,CHEMBL1461,C00628,3469.0,,
paraxanthine,CHEMBL1158,C13747,4687.0,,
indolelactate,CHEMBL485011,C02043,92904.0,,
3-indoxyl sulfate,CHEMBL1233636,,10258.0,,
gamma-glutamylphenylalanine,,,111299.0,,
4-methyl-2-oxopentanoate,CHEMBL445647,C00233,70.0,,
"1,5-anhydroglucitol (1,5-AG)",CHEMBL344637,C07326,64960.0,,
1-palmityl-GPC (O-16:0),,,3983.0,,
1-stearoyl-2-arachidonoyl-GPI (18:0/20:4),,,,,
sphingosine 1-phosphate,CHEMBL225155,C06124,5283560.0,,
1-stearoyl-2-oleoyl-GPS (18:0/18:1),,,9547087.0,,
1-stearoyl-GPI (18:0),,,,,
"1,2-dipalmitoyl-GPC (16:0/16:0)",CHEMBL1200737,D03585,452110.0,,
docosahexaenoate (DHA; 22:6n3),CHEMBL367149,C06429,445580.0,,
1-myristoyl-2-palmitoyl-GPC (14:0/16:0),,,129657.0,,
alpha-hydroxyisocaproate,,C03264,83697.0,,
maleate,CHEMBL539648,C01384,444266.0,,
4-acetylphenol sulfate,,,4684006.0,,
2-hydroxyoctanoate,CHEMBL4447980,,94180.0,,
levulinate (4-oxovalerate),CHEMBL1235931,,11579.0,,
3-hydroxyoctanoate,,,26613.0,,
phenyllactate (PLA),CHEMBL1778420,C05607,3848.0,,
palmitoylcarnitine (C16),CHEMBL301722,C02990,461.0,,
hexanoylcarnitine (C6),,,6426853.0,,
theanine,CHEMBL3039113,C01047,439378.0,,
N-acetylaspartate (NAA),CHEMBL1162494,C01042,65065.0,,
dehydroepiandrosterone sulfate (DHEA-S),CHEMBL259898,C04555,12594.0,,
acetylcarnitine (C2),,C02571,1.0,,
cysteine s-sulfate,CHEMBL457665,C05824,115015.0,,
1-palmitoylglycerol (16:0),CHEMBL1078140,,14900.0,,
tartronate (hydroxymalonate),CHEMBL1794676,C02287,45.0,,
oxalate (ethanedioate),CHEMBL146755,C00209,971.0,,
erythritol,CHEMBL349605,C00503,222285.0,,
saccharin,CHEMBL310671,D01085,5143.0,,
3-hydroxymyristate,CHEMBL4456892,,16064.0,,
iminodiacetate (IDA),CHEMBL461164,C19911,8897.0,,
1-oleoylglycerol (18:1),CHEMBL428593,,5283468.0,,
3-methyl-2-oxobutyrate,CHEMBL146554,C00141,49.0,,
homoarginine,CHEMBL589752,C01924,9085.0,,
homocitrulline,,C02427,65072.0,,
pyroglutamylglutamine,,,14889607.0,,
bradykinin,CHEMBL406291,C00306,439201.0,,
2-linoleoylglycerol (18:2),,,5365676.0,,
3-hydroxydecanoate,CHEMBL4448230,,26612.0,,
EDTA,CHEMBL858,C00284,6049.0,,
N-acetylglycine,CHEMBL289004,,10972.0,,
ribonate,,C01685,5460677.0,,
threonate,,C01620,151152.0,,
galactonate,,C00880,128869.0,,
beta-sitosterol,CHEMBL221542,C01753,222284.0,,
indoleacetate,CHEMBL82411,C00954,802.0,,
1-linoleoylglycerol (18:2),CHEMBL458250,,5283469.0,,
1-methylhistidine,CHEMBL1233327,C01152,92105.0,,
butyrylcarnitine (C4),CHEMBL2074693,C02862,439829.0,,
isobutyrylcarnitine (C4),,,168379.0,,
7-ketodeoxycholate,CHEMBL3392000,,188292.0,,
glycolithocholate,CHEMBL258818,C15557,115245.0,,
androsterone sulfate,CHEMBL2074598,,159663.0,,
indolepropionate,CHEMBL207225,,3744.0,,
N-(2-furoyl)glycine,CHEMBL456404,,21863.0,,
trigonelline (N'-methylnicotinate),CHEMBL350675,C01004,5570.0,,
dodecanedioate (C12-DC),CHEMBL3182356,C02678,12736.0,,
"glutamate, gamma-methyl ester",CHEMBL1233072,,68662.0,,
N-acetyltyrosine,CHEMBL65543,,68310.0,,
"1,3-dimethylurate",CHEMBL795,,70346.0,,
3-methylxanthine,CHEMBL619,C16357,70639.0,,
3-hydroxylaurate,CHEMBL4288936,,94216.0,,
pyridoxate,,C00847,6723.0,,
gamma-glutamylvaline,,,7015683.0,,
pyroglutamylvaline,,,152416.0,,
3-hydroxysebacate,,,3017884.0,,
5-hydroxyhexanoate,,,170748.0,,
propionylglycine,,,98681.0,,
2-hydroxyadipate,,C02360,193530.0,,
valylglutamate,,,7009623.0,,
propionylcarnitine (C3),CHEMBL2074916,C03017,107738.0,,
pro-hydroxy-pro,,,11673055.0,,
3-hydroxy-2-ethylpropionate,CHEMBL1160011,,188979.0,,
3-carboxy-4-methyl-5-propyl-2-furanpropanoate (CMPF),CHEMBL1231562,,123979.0,,
docosapentaenoate (n3 DPA; 22:5n3),,C16513,6441454.0,,
docosadienoate (22:2n6),,C16533,5282807.0,,
adrenate (22:4n6),CHEMBL1491103,C16527,5497181.0,,
10-undecenoate (11:1n1),,C13910,14891.0,,
myristoleate (14:1n5),CHEMBL456732,C08322,5281119.0,,
4-imidazoleacetate,CHEMBL784,C02835,96215.0,,
1-methyl-4-imidazoleacetate,,C05828,75810.0,,
sebacate (C10-DC),CHEMBL1232164,C08277,5192.0,,
stearidonate (18:4n3),CHEMBL484430,C16300,5312508.0,,
5-dodecenoate (12:1n7),CHEMBL1169837,,5312378.0,,
"bradykinin, hydroxy-pro(3)",,,169947.0,,
octanoylcarnitine (C8),CHEMBL3559487,C02838,123701.0,,
tauro-beta-muricholate,,,168408.0,,
decanoylcarnitine (C10),CHEMBL3559489,,10245190.0,,
N-acetylglutamine,CHEMBL1234757,C02716,182230.0,,
N-acetyltryptophan,CHEMBL54170,C03137,700653.0,,
N-acetylphenylalanine,CHEMBL55743,C03519,74839.0,,
gamma-glutamyl-epsilon-lysine,,,7015685.0,,
1-palmitoyl-GPC (16:0),,,86554.0,,
1-margaroyl-GPC (17:0),CHEMBL467935,C04230,24779463.0,,
N-acetylarginine,,C02562,67427.0,,
piperine,CHEMBL43185,C03882,638024.0,,
campesterol,CHEMBL520535,C01789,173183.0,,
myristoylcarnitine (C14),,,6426854.0,,
1-stearoyl-GPC (18:0),CHEMBL3093101,,497299.0,,
1-oleoyl-GPC (18:1),CHEMBL3093102,,16081932.0,,
N-acetylthreonine,,,152204.0,,
N-acetylisoleucine,,,306109.0,,
10-nonadecenoate (19:1n9),,,5312513.0,,
10-heptadecenoate (17:1n7),,,5312435.0,,
epiandrosterone sulfate,,C07635,9929317.0,,
"bradykinin, des-arg(9)",CHEMBL1890370,C00306,105044.0,,
N-acetylhistidine,CHEMBL3251664,C02997,75619.0,,
gamma-glutamylglycine,,,165527.0,,
gamma-glutamyltryptophan,,,3989307.0,,
stachydrine,CHEMBL1456892,C10172,115244.0,,
alpha-hydroxyisovalerate,CHEMBL1162479,,99823.0,,
hydroxybupropion,CHEMBL3544616,,446.0,,
gamma-glutamylmethionine,,,7009567.0,,
gamma-glutamylthreonine,,,76078708.0,,
p-cresol sulfate,CHEMBL4551850,C01468,4615423.0,,
nicotinate ribonucleoside,CHEMBL396943,C05841,161234.0,,
pioglitazone,,C07675,4829.0,,
erythronate*,,,2781043.0,,
Fibrinopeptide A*,,,16133137.0,,
"Fibrinopeptide A, des-ala(1)*",,,,,
salicyluric glucuronide*,,,,,
eicosenoate (20:1),CHEMBL4640620,C16526,5282768.0,,
linolenate [alpha or gamma; (18:3n3 or 6)],CHEMBL8739,C06426,5280934.0,,
aconitate [cis or trans],,C00417,,,
1-myristoyl-GPC (14:0),CHEMBL462723,C04230,460604.0,,
1-arachidoyl-GPC (20:0),,C04230,24779473.0,,
metoprolol acid metabolite*,CHEMBL3544699,,62936.0,,
stearoylcarnitine (C18),CHEMBL3392056,,6426855.0,,
laurylcarnitine (C12),,,10427569.0,,
isovalerylcarnitine (C5),,,6426851.0,,
1-linoleoyl-GPC (18:2),,C04100,11988421.0,,
7-methylxanthine,CHEMBL321248,C16353,68374.0,,
"1,3,7-trimethylurate",CHEMBL1767,C16361,79437.0,,
"3,7-dimethylurate",CHEMBL430928,C16360,83126.0,,
"1,7-dimethylurate",CHEMBL794,C16356,91611.0,,
5-acetylamino-6-formylamino-3-methyluracil,,C16365,108214.0,,
5-acetylamino-6-amino-3-methyluracil,CHEMBL1899490,C16366,88299.0,,
1-methylxanthine,CHEMBL1250,C16358,80220.0,,
N1-methylinosine,,,65095.0,,
beta-guanidinopropanoate,CHEMBL20489,C03065,67701.0,,
"N2,N2-dimethylguanosine",,,92919.0,,
N4-acetylcytidine,,,107461.0,,
N6-carbamoylthreonyladenosine,,,161466.0,,
orotidine,,C01103,92751.0,,
phenylacetylglutamine,CHEMBL4303372,C04148,92258.0,,
4-hydroxyhippurate,CHEMBL500596,,151012.0,,
"5,6-dihydrouridine",CHEMBL3237555,,94312.0,,
3-(3-amino-3-carboxypropyl)uridine*,,,171198.0,,
1-arachidonylglycerol (20:4),CHEMBL354786,C13857,5282281.0,,
cysteine-glutathione disulfide,,,4247235.0,,
5-methyluridine (ribothymidine),CHEMBL106175,,445408.0,,
isovalerylglycine,,,546304.0,,
nicotinurate (nicotinoylglycine),CHEMBL458725,C05380,68499.0,,
7-methylguanine,,C02242,11361.0,,
1-stearoyl-GPE (18:0),,,9547068.0,,
3-methylcytidine,,,159649.0,,
N1-Methyl-2-pyridone-5-carboxamide,CHEMBL3542314,C05842,69698.0,,
gamma-glutamylisoleucine*,,,14253342.0,,
oleoylcarnitine (C18:1),,,6441392.0,,
2-methylbutyrylcarnitine (C5),,,6426901.0,,
phenol sulfate,,C02180,74426.0,,
1-palmitoleoyl-GPC (16:1)*,,,24779461.0,,
malonylcarnitine,,,22833583.0,,
hexanoylglycine,,,99463.0,,
lidocaine,CHEMBL79,D00358,3676.0,,
pyroglutamine*,,,134508.0,,
2-hydroxy-3-methylvalerate,,,164623.0,,
testosterone sulfate,CHEMBL4463070,C00535,119207.0,,
homostachydrine*,,C08283,441447.0,,
1-arachidonoyl-GPC (20:4n6)*,,C05208,,,
1-dihomo-linolenoyl-GPC (20:3n3 or 6)*,,,,,
1-dihomo-linoleoyl-GPC (20:2)*,,,,,
2-arachidonoyl-GPC (20:4)*,,,,,
2-oleoyl-GPC (18:1)*,,,,,
2-linoleoyl-GPC (18:2)*,,,,,
2-palmitoyl-GPC (16:0)*,,,15061532.0,,
2-myristoyl-GPC (14:0)*,,,,,
1-docosahexaenoyl-GPC (22:6)*,,,,,
1-palmitoyl-GPE (16:0),,,9547069.0,,
1-oleoyl-GPE (18:1),CHEMBL3262734,,9547071.0,,
1-linoleoyl-GPE (18:2)*,,,52925130.0,,
1-arachidonoyl-GPE (20:4n6)*,,,42607465.0,,
N-acetylcitrulline,,C15532,656979.0,,
2-hydroxypalmitate,,,92836.0,,
docosapentaenoate (n6 DPA; 22:5n6),,C16513,6441454.0,,
gulonate*,,C00257,152304.0,,
isobutyrylglycine,CHEMBL2158191,,10855600.0,,
glutarylcarnitine (C5-DC),,,71464488.0,,
2-methylmalonylcarnitine (C4-DC),,,53481628.0,,
tiglylcarnitine (C5:1-DC),,,22833596.0,,
hydroquinone sulfate,,C00530,161220.0,,
catechol sulfate,,C00090,3083879.0,,
7-alpha-hydroxy-3-oxo-4-cholestenoate (7-Hoca),,C17337,3081085.0,,
N-acetyl-aspartyl-glutamate (NAAG),CHEMBL64966,C12270,5255.0,,
tetradecanedioate (C14-DC),,,13185.0,,
hexadecanedioate (C16-DC),CHEMBL4519590,C19615,10459.0,,
1-myristoylglycerol (14:0),CHEMBL463092,C01885,79050.0,,
glycerophosphoethanolamine,,C01233,123874.0,,
3-(3-hydroxyphenyl)propionate,CHEMBL134401,C11457,91.0,,
ectoine,CHEMBL1230264,C06231,126041.0,,
2-oleoyl-GPE (18:1)*,,,,,
2-palmitoyl-GPE (16:0)*,,,,,
1-arachidonoyl-GPI (20:4)*,,,,,
1-palmitoyl-GPI (16:0),,,,,
glycolithocholate sulfate*,CHEMBL2074584,C11301,72222.0,,
taurolithocholate 3-sulfate,CHEMBL270493,C03642,440071.0,,
deoxycarnitine,,C01181,134.0,,
N6-succinyladenosine,,,165243.0,,
1-ribosyl-imidazoleacetate*,,C05131,5117448.0,,
2-arachidonoyl-GPE (20:4)*,,,,,
leucylleucine,CHEMBL54933,C11332,76807.0,,
N2-acetyllysine,CHEMBL1241437,C12989,92907.0,,
indoleacetylglutamine,,,25200879.0,,
hexanoylglutamine,,,,,
N6-acetyllysine,CHEMBL1230958,C02727,92832.0,,
dihomo-linolenate (20:3n3 or n6),CHEMBL465183,C03242,5280581.0,,
mannitol/sorbitol,CHEMBL1682,C00794,5780.0,,
tryptophan betaine,CHEMBL2235164,C09213,442106.0,,
4-vinylphenol sulfate,,C05627,6426766.0,,
4-ethylphenylsulfate,CHEMBL4530825,C13637,20822574.0,,
thymol sulfate,,C09908,,,
pyrraline,,,122228.0,,
2-linoleoyl-GPE (18:2)*,,,,,
1-oleoyl-GPI (18:1),,,,,
1-linoleoyl-GPI (18:2)*,,,,,
1-palmitoleoyl-GPE (16:1)*,,,,,
desmethylnaproxen sulfate,,,184679.0,,
sucralose,CHEMBL3185084,C12285,71485.0,,
2-hydroxyacetaminophen sulfate*,,,86290013.0,,
2-methoxyacetaminophen sulfate*,,,86290014.0,,
2-methoxyacetaminophen glucuronide*,,,14367271.0,,
3-(cystein-S-yl)acetaminophen*,CHEMBL2074942,,5233914.0,,
o-cresol sulfate,,,11615528.0,,
dimethylarginine (SDMA + ADMA),CHEMBL457530,C03626,123831.0,,
gamma-glutamylalanine,,,440103.0,,
N-acetylserine,,,65249.0,,
1-stearoyl-2-oleoyl-GPE (18:0/18:1),,,,,
chiro-inositol,,C19891,,,
4-allylphenol sulfate,,,,,
1-stearoyl-2-arachidonoyl-GPC (18:0/20:4),,,16219824.0,,
1-palmitoyl-2-linoleoyl-GPE (16:0/18:2),,,9546747.0,,
sphinganine-1-phosphate,,,520.0,,
glycosyl-N-stearoyl-sphingosine (d18:1/18:0),,,,,
succinylcarnitine (C4-DC),,,71464481.0,,
"bilirubin (E,E)*",,,5315454.0,,
"bilirubin (E,Z or Z,E)*",,,5799469.0,,
N-methylproline,,,557.0,,
beta-cryptoxanthin,,,6384256.0,,
"5alpha-androstan-3beta,17beta-diol disulfate",CHEMBL316048,C12525,242332.0,,
"5alpha-pregnan-3beta,20alpha-diol disulfate",,,,,
glycocholenate sulfate*,,,,,
taurocholenate sulfate*,,,,,
"androstenediol (3beta,17beta) disulfate (1)",,C04295,87120982.0,,
pregnenediol disulfate (C21H34O8S2)*,,,,,
"androstenediol (3beta,17beta) disulfate (2)",,C04295,87120982.0,,
21-hydroxypregnenolone disulfate,,C05485,134595.0,,
21-hydroxypregnenolone monosulfate (1),,,174681.0,,
"5alpha-androstan-3alpha,17alpha-diol monosulfate",,,,,
"5alpha-pregnan-3beta,20beta-diol monosulfate (1)",,,,,
"5alpha-pregnan-3beta,20alpha-diol monosulfate (2)",,,,,
5alpha-pregnan-diol disulfate,,,5127902.0,,
"5alpha-androstan-3alpha,17beta-diol disulfate",,,,,
"5alpha-androstan-3alpha,17beta-diol monosulfate (1)",,,,,
"5alpha-androstan-3beta,17alpha-diol disulfate",,,,,
"5alpha-androstan-3beta,17beta-diol monosulfate (2)",,,,,
"androstenediol (3alpha, 17alpha) monosulfate (2)",,,,,
"androstenediol (3alpha, 17alpha) monosulfate (3)",,,,,
"androstenediol (3beta,17beta) monosulfate (1)",,,13847309.0,,
"androstenediol (3beta,17beta) monosulfate (2)",,,,,
"5alpha-pregnan-3beta-ol,20-one sulfate",,,,,
4-hydroxycoumarin,CHEMBL301141,C20414,54682930.0,,
1-docosahexaenoyl-GPE (22:6)*,,,,,
1-docosapentaenoyl-GPC (22:5n3)*,,,,,
pregnenediol sulfate (C21H34O5S)*,,,,,
2-hydroxyglutarate,CHEMBL4870693,C02630,43.0,,
gamma-CEHC,CHEMBL2151598,,133098.0,,
N-acetyl-beta-alanine,,C01073,76406.0,,
"sphingomyelin (d18:1/18:1, d18:2/18:0)",,,6443882.0,,
palmitoyl sphingomyelin (d18:1/16:0),CHEMBL4526394,,9939941.0,,
3-hydroxyhippurate,CHEMBL447627,,450268.0,,
16a-hydroxy DHEA 3-sulfate,,,,,
17alpha-hydroxypregnenolone 3-sulfate,,,152971.0,,
pregnenolone sulfate,CHEMBL1179605,,105074.0,,
andro steroid monosulfate C19H28O6S (1)*,,C04555,,,
betonicine,,C08269,164642.0,,
ergothioneine,,C05570,3032311.0,,
1-margaroyl-GPE (17:0)*,,,,,
1-pentadecanoyl-GPC (15:0)*,,,,,
S-methylmethionine,CHEMBL2111021,C05319,458.0,,
indole-3-carboxylate,CHEMBL387527,C19837,69867.0,,
13-HODE + 9-HODE,,,43013.0,,
tridecenedioate (C13:1-DC)*,,,,,
N-acetyl-3-methylhistidine*,,,193270.0,,
4-cholesten-3-one,CHEMBL63243,C00599,91477.0,,
N-acetyl-cadaverine,,,189087.0,,
cinnamoylglycine,CHEMBL456606,,709625.0,,
cis-4-decenoylcarnitine (C10:1),,,,,
phenylalanylphenylalanine,CHEMBL55868,,6993090.0,,
S-carboxymethyl-L-cysteine,CHEMBL1447969,C03727,1080.0,,
(16 or 17)-methylstearate (a19:0 or i19:0),,,3083779.0,,
1-hydroxy-2-naphthalenecarboxylate,CHEMBL229299,C03203,6844.0,,
alpha-ketoglutaramate*,,,48.0,,
metformin,CHEMBL1431,C07151,4091.0,,
ibuprofen acyl glucuronide,CHEMBL3526740,,163959.0,,
"2,3-dihydroxyisovalerate",,C04039,677.0,,
3-methylglutaconate,CHEMBL1401952,,1551553.0,,
5-(galactosylhydroxy)-L-lysine,,,123986.0,,
isoursodeoxycholate,CHEMBL1233687,C17662,127601.0,,
oxypurinol,,D02365,4644.0,,
hydantoin-5-propionate,,C05565,782.0,,
sulfate*,CHEMBL572964,C00059,1118.0,,
4-hydroxy-2-oxoglutaric acid,,C01127,599.0,,
4-hydroxyglutamate,,C03079,439902.0,,
L-urobilin,,C05793,5280818.0,,
hydroxycotinine,,,10219774.0,,
cotinine N-oxide,CHEMBL3544793,,9815514.0,,
omeprazole,CHEMBL1503,C07324,4594.0,,
atenolol,CHEMBL24,D00235,2249.0,,
diphenhydramine,CHEMBL657,C06960,3100.0,,
hydrochlorothiazide,CHEMBL435,C07041,3639.0,,
ranitidine,CHEMBL512,D00422,3001055.0,,
S-methylcysteine,CHEMBL394875,,24417.0,,
androsterone glucuronide,,C11135,114833.0,,
argininate*,,,160437.0,,
solanidine,CHEMBL1980466,C06543,65727.0,,
2-oxoarginine*,,C03771,558.0,,
cis-4-decenoate (10:1n6)*,,,5312351.0,,
sertraline,CHEMBL809,C07246,68617.0,,
gabapentin,CHEMBL940,D00332,3446.0,,
venlafaxine,CHEMBL637,C07187,5656.0,,
ethyl glucuronide,,,152226.0,,
1-erucoyl-GPC (22:1)*,,,,,
1-adrenoyl-GPC (22:4)*,,,,,
1-lignoceroyl-GPC (24:0),,,,,
1-nervonoyl-GPC (24:1n9)*,,,,,
1-(1-enyl-palmitoyl)-GPC (P-16:0)*,,,10917802.0,,
1-(1-enyl-oleoyl)-GPC (P-18:1)*,,,,,
1-(1-enyl-stearoyl)-GPC (P-18:0)*,,,,,
1-methyl-5-imidazoleacetate,,,6451814.0,,
glycoursodeoxycholate,CHEMBL409348,,12310288.0,,
S-methylcysteine sulfoxide,,,82142.0,,
eicosanedioate (C20-DC),,,75502.0,,
docosadioate (C22-DC),,C19625,244872.0,,
16-hydroxypalmitate,CHEMBL4281719,C18218,10466.0,,
quinine,CHEMBL601807,,2728270.0,,
oleoyl-linoleoyl-glycerol (18:1/18:2) [1],,,,,
oleoyl-linoleoyl-glycerol (18:1/18:2) [2],,,,,
1-(1-enyl-palmitoyl)-GPE (P-16:0)*,,,,,
1-(1-enyl-stearoyl)-GPE (P-18:0)*,,,,,
2-stearoyl-GPI (18:0)*,,,,,
doxycycline,,,,,
alpha-CEHC glucuronide*,,,134819285.0,,
2-oxindole-3-acetate,CHEMBL443641,,3080590.0,,
N-oleoyltaurine,,,6437033.0,,
linoleoylcarnitine (C18:2)*,,,6450015.0,,
isoleucylalanine,,,5246009.0,,
isoleucylglycine,,,342532.0,,
phenylalanylleucine,,,4078229.0,,
tryptophylleucine,,,323786.0,,
valylleucine,,,352039.0,,
N-stearoyltaurine,,,168274.0,,
carboxyethyl-GABA,,,2572.0,,
beta-citrylglutamate,,C20775,72715786.0,,
trimethylamine N-oxide,,C01104,1145.0,,
equol sulfate,,,,,
dihydroferulate,CHEMBL387842,,14340.0,,
imidazole propionate,CHEMBL84253,,70630.0,,
paroxetine,CHEMBL1708,"D02362,C07415",43815.0,,
citalopram/escitalopram,CHEMBL1508,D07913,146570.0,,
pregnanediol-3-glucuronide,,,123796.0,,
alliin,CHEMBL464166,C08265,87310.0,,
threonylalanine,,,18218243.0,,
phenylalanylmethionine,CHEMBL1221998,,7010506.0,,
phenylalanyltryptophan,,,134906.0,,
valylglycine,,,136487.0,,
methionylalanine,,,,,
prolylalanine,,,418041.0,,
prolylglycine,CHEMBL59426,,6426709.0,,
N-palmitoylglycine,CHEMBL226117,,151008.0,,
succinimide,CHEMBL275661,C07273,11439.0,,
norfluoxetine,CHEMBL1494,,4541.0,,
lanthionine,,,98504.0,,
2-stearoyl-GPE (18:0)*,,,,,
(R)-3-hydroxybutyrylcarnitine,,,53481617.0,,
diltiazem,CHEMBL23,C06958,39186.0,,
N-acetylcarnosine,CHEMBL4303521,,9903482.0,,
margaroylcarnitine (C17)*,,,,,
N-methyltaurine,CHEMBL3306207,,7882.0,,
glycohyocholate,,,,,
retinal,CHEMBL81379,C00376,638015.0,,
2-hydroxydecanoate,,,21488.0,,
3-methyl catechol sulfate (2),,,,,
4-methylcatechol sulfate,,,,,
3-methyl catechol sulfate (1),,,,,
2-hydroxyibuprofen,CHEMBL3544495,,10443535.0,,
carboxyibuprofen,CHEMBL3544650,,10444113.0,,
O-desmethylvenlafaxine,CHEMBL1118,D07793,125017.0,,
warfarin,,C01541,,,
hydroxypioglitazone (M-IV),,,,,
3b-hydroxy-5-cholenoic acid,CHEMBL169264,,92997.0,,
guaiacol sulfate,,,22473.0,,
2-aminooctanoate,,,69522.0,,
gamma-CEHC glucuronide*,,,,,
2-piperidinone,CHEMBL12193,,12665.0,,
N-acetyl-1-methylhistidine*,,,53859791.0,,
indolin-2-one,CHEMBL40823,C12312,321710.0,,
"2,8-quinolinediol sulfate",,,,,
2-aminophenol sulfate,,,181670.0,,
3-acetylphenol sulfate,,,,,
"sphingomyelin (d18:1/14:0, d16:1/16:0)*",,,11433862.0,,
"sphingomyelin (d18:2/16:0, d18:1/16:1)*",,,,,
6-oxopiperidine-2-carboxylate,CHEMBL4648450,,3014237.0,,
S-allylcysteine,CHEMBL1592541,,98280.0,,
N-delta-acetylornithine,,,9920500.0,,
acisoga,,,129397.0,,
2-aminoheptanoate,,,227939.0,,
1-eicosapentaenoyl-GPE (20:5)*,,,,,
benzoylcarnitine*,,,,,
"N2,N5-diacetylornithine",CHEMBL3989425,,65977.0,,
3-methoxytyramine sulfate,,,,,
methionine sulfone,,,69961.0,,
cyclo(ala-pro),,,6428987.0,,
1-linolenoyl-GPC (18:3)*,,,,,
1-eicosapentaenoyl-GPC (20:5)*,,,,,
1-eicosenoyl-GPC (20:1)*,,,,,
N-acetylalliin,,,,,
1-dihomo-linolenoyl-GPE (20:3n3 or 6)*,,,,,
1-(1-enyl-oleoyl)-GPE (P-18:1)*,,,,,
O-sulfo-L-tyrosine,CHEMBL1236077,,514186.0,,
ferulic acid 4-sulfate,CHEMBL2009479,,6305574.0,,
3-(3-hydroxyphenyl)propionate sulfate,,,187488.0,,
11-ketoetiocholanolone glucuronide,,,,,
etiocholanolone glucuronide,,,270605.0,,
17alpha-hydroxypregnanolone glucuronide,,,,,
N-acetyltaurine,,,159864.0,,
1-docosapentaenoyl-GPC (22:5n6)*,,,,,
1-linolenoyl-GPE (18:3)*,,,,,
1-oleoyl-GPG (18:1)*,,,,,
1-palmitoyl-GPG (16:0)*,,,3300276.0,,
N-acetyl-S-allyl-L-cysteine,,,152467.0,,
9-hydroxystearate,CHEMBL1093742,,9570127.0,,
3-methylglutarylcarnitine (2),,,128145.0,,
methyl glucopyranoside (alpha + beta),,,,,
alpha-CEHC sulfate,,,,,
alpha-CMBHC glucuronide,,,,,
"sphingomyelin (d18:2/14:0, d18:1/14:1)*",,,,,
"sphingomyelin (d18:1/24:1, d18:2/24:0)*",,,,,
octadecenedioylcarnitine (C18:1-DC)*,,,,,
"5alpha-androstan-3alpha,17beta-diol monosulfate (2)",,,,,
myristoleoylcarnitine (C14:1)*,,,90659872.0,,
N-formylphenylalanine,,,759256.0,,
cyclo(pro-val),,,98951.0,,
4-hydroxychlorothalonil,CHEMBL3248146,,34217.0,,
isoeugenol sulfate,,,,,
tyramine O-sulfate,CHEMBL4764181,,153005.0,,
3-hydroxypyridine sulfate,,,,,
maltol sulfate,,,,,
phenylacetylcarnitine,,,101724840.0,,
arabonate/xylonate,,,,,
methyl-4-hydroxybenzoate sulfate,,,,,
1-dihomo-linolenylglycerol (20:3),,,,,
4-vinylguaiacol sulfate,,,,,
vanillactate,CHEMBL1765649,,160637.0,,
eugenol sulfate,,,180632.0,,
pregnanolone/allopregnanolone sulfate,,,,,
2-methoxyresorcinol sulfate,,,,,
2-acetamidophenol sulfate,,,181671.0,,
p-cresol glucuronide*,,,154035.0,,
acesulfame,CHEMBL176687,,36573.0,,
valsartan,CHEMBL1904197,,5650.0,,
6-hydroxyindole sulfate,,,122198196.0,,
propyl 4-hydroxybenzoate sulfate,,,,,
umbelliferone sulfate,CHEMBL1555500,,129659.0,,
"sphingomyelin (d18:1/20:0, d16:1/22:0)*",,,,,
"sphingomyelin (d18:1/20:1, d18:2/20:0)*",,,,,
"sphingomyelin (d18:1/20:2, d18:2/20:1, d16:1/22:2)*",,,,,
behenoyl sphingomyelin (d18:1/22:0)*,,,,,
"sphingomyelin (d18:1/22:1, d18:2/22:0, d16:1/24:1)*",,,,,
"sphingomyelin (d18:1/22:2, d18:2/22:1, d16:1/24:2)*",,,,,
lignoceroyl sphingomyelin (d18:1/24:0),,,,,
"sphingomyelin (d17:1/16:0, d18:1/15:0, d16:1/17:0)*",,,,,
dopamine 4-sulfate,,C13691,123932.0,,
dopamine 3-O-sulfate,,C13690,122136.0,,
daidzein sulfate (2),,,12114465.0,,
3-hydroxyhexanoate,,,151492.0,,
3beta-hydroxy-5-cholestenoate,,C17333,165511.0,,
"1,2,3-benzenetriol sulfate (1)",,,,,
"1,2,3-benzenetriol sulfate (2)",,,,,
3-methoxycatechol sulfate (1),,,,,
N-acetylkynurenine (2),,,,,
C-glycosyltryptophan,,,10981970.0,,
tramadol,CHEMBL1066,C07153,33741.0,,
alpha-hydroxymetoprolol,CHEMBL3544701,,114962.0,,
arabitol/xylitol,CHEMBL3137744,C01904,6912.0,,
N-acetylglucosamine/N-acetylgalactosamine,CHEMBL447878,,24139.0,,
adipoylcarnitine (C6-DC),,,71296139.0,,
nonanoylcarnitine (C9),,,,,
suberoylcarnitine (C8-DC),,,,,
glycochenodeoxycholate 3-sulfate,,,,,
glycodeoxycholate 3-sulfate,,,,,
taurodeoxycholic acid 3-sulfate,,,,,
"trans-3,4-methyleneheptanoate",,,,,
linoleoyl ethanolamide,CHEMBL149859,,5283446.0,,
"1,2-dilinoleoyl-GPC (18:2/18:2)",,,5288075.0,,
1-stearoyl-2-oleoyl-GPC (18:0/18:1),,,,,
1-palmitoyl-2-arachidonoyl-GPC (16:0/20:4n6),,,10747814.0,,
1-palmitoyl-2-docosahexaenoyl-GPC (16:0/22:6),,,6441886.0,,
1-stearoyl-2-docosahexaenoyl-GPC (18:0/22:6),,,,,
1-(1-enyl-stearoyl)-2-oleoyl-GPC (P-18:0/18:1),,,,,
1-(1-enyl-stearoyl)-2-arachidonoyl-GPC (P-18:0/20:4),,,,,
1-(1-enyl-stearoyl)-2-oleoyl-GPE (P-18:0/18:1),,,,,
"sphingomyelin (d18:1/17:0, d17:1/18:0, d19:1/16:0)",,,,,
1-palmitoyl-2-stearoyl-GPC (16:0/18:0),,,,,
2-hydroxybutyrate/2-hydroxyisobutyrate,,,,,
2-methylcitrate/homocitrate,,,,,
oleate/vaccenate (18:1),,,,,
isoleucylleucine/leucylisoleucine,,,,,
pregabalin,CHEMBL88034,,4715169.0,,
leucylphenylalanine/isoleucylphenylalanine,,,,,
1-palmitoleoylglycerol (16:1)*,,,,,
palmitoyl dihydrosphingomyelin (d18:0/16:0)*,,,9939965.0,,
tricosanoyl sphingomyelin (d18:1/23:0)*,,,,,
"sphingomyelin (d18:2/23:0, d18:1/23:1, d17:1/24:1)*",,,,,
"sphingomyelin (d18:2/24:1, d18:1/24:2)*",,,,,
1-stearoyl-2-linoleoyl-GPE (18:0/18:2)*,,,9546749.0,,
1-stearoyl-2-arachidonoyl-GPE (18:0/20:4),,,5289133.0,,
1-stearoyl-2-linoleoyl-GPC (18:0/18:2)*,,,,,
1-palmitoyl-2-palmitoleoyl-GPC (16:0/16:1)*,,,,,
1-palmitoyl-2-eicosapentaenoyl-GPC (16:0/20:5)*,,,,,
1-palmitoyl-2-arachidonoyl-GPE (16:0/20:4)*,,,9546800.0,,
1-palmitoyl-2-docosahexaenoyl-GPE (16:0/22:6)*,,,9546799.0,,
1-stearoyl-2-docosahexaenoyl-GPE (18:0/22:6)*,,,9546798.0,,
1-palmitoyl-2-arachidonoyl-GPI (16:0/20:4)*,,,,,
1-stearoyl-2-linoleoyl-GPI (18:0/18:2),,,,,
gamma-tocopherol/beta-tocopherol,,,,,
1-(1-enyl-stearoyl)-2-arachidonoyl-GPE (P-18:0/20:4)*,,,9547058.0,,
1-(1-enyl-palmitoyl)-2-docosahexaenoyl-GPE (P-16:0/22:6)*,,,5283497.0,,
1-(1-enyl-palmitoyl)-2-arachidonoyl-GPE (P-16:0/20:4)*,,,,,
1-(1-enyl-stearoyl)-2-docosahexaenoyl-GPE (P-18:0/22:6)*,,,,,
1-(1-enyl-palmitoyl)-2-oleoyl-GPE (P-16:0/18:1)*,,,,,
1-(1-enyl-palmitoyl)-2-dihomo-linolenoyl-GPC (P-16:0/20:3)*,,,,,
1-(1-enyl-palmitoyl)-2-oleoyl-GPC (P-16:0/18:1)*,,,,,
1-(1-enyl-palmitoyl)-2-docosahexaenoyl-GPC (P-16:0/22:6)*,,,,,
1-(1-enyl-palmitoyl)-2-linoleoyl-GPC (P-16:0/18:2)*,,,,,
1-(1-enyl-palmitoyl)-2-arachidonoyl-GPC (P-16:0/20:4)*,,,,,
1-(1-enyl-stearoyl)-2-docosahexaenoyl-GPC (P-18:0/22:6)*,,,,,
1-stearyl-2-arachidonoyl-GPC (O-18:0/20:4)*,,,,,
1-palmityl-2-oleoyl-GPC (O-16:0/18:1)*,,,,,
1-palmityl-2-arachidonoyl-GPC (O-16:0/20:4)*,CHEMBL1482996,,6443139.0,,
"sphingomyelin (d18:1/21:0, d17:1/22:0, d16:1/23:0)*",,,,,
behenoyl dihydrosphingomyelin (d18:0/22:0)*,,,,,
"sphingomyelin (d18:0/18:0, d19:0/17:0)*",,,,,
N-palmitoyl-sphinganine (d18:0/16:0),,,5283572.0,,
lactosyl-N-palmitoyl-sphingosine (d18:1/16:0),,,,,
cetirizine,CHEMBL1000,C07778,2678.0,,
1-pentadecanoyl-2-linoleoyl-GPC (15:0/18:2)*,,,,,
1-margaroyl-2-oleoyl-GPC (17:0/18:1)*,,,,,
1-margaroyl-2-linoleoyl-GPC (17:0/18:2)*,,,,,
myristoyl dihydrosphingomyelin (d18:0/14:0)*,,,,,
7-hydroxyindole sulfate,,,,,
phenylacetylglutamate,CHEMBL3884214,,11579826.0,,
4-ethylphenol glucuronide,,,,,
1-stearoyl-2-dihomo-linolenoyl-GPC (18:0/20:3n3 or 6)*,,,,,
palmitoyl-linoleoyl-glycerol (16:0/18:2) [1]*,,,9543695.0,,
palmitoyl-linoleoyl-glycerol (16:0/18:2) [2]*,,,,,
1-palmitoyl-2-oleoyl-GPI (16:0/18:1)*,,,,,
1-stearoyl-2-docosahexaenoyl-GPI (18:0/22:6)*,,,,,
1-(1-enyl-palmitoyl)-2-linoleoyl-GPE (P-16:0/18:2)*,,,,,
1-oleoyl-2-linoleoyl-GPE (18:1/18:2)*,,,9546753.0,,
1-linoleoyl-GPA (18:2)*,,,,,
1-pentadecanoyl-2-arachidonoyl-GPC (15:0/20:4)*,,,,,
1-pentadecanoyl-2-docosahexaenoyl-GPC (15:0/22:6)*,,,,,
1-margaroyl-2-arachidonoyl-GPC (17:0/20:4)*,,,,,
1-margaroyl-2-docosahexaenoyl-GPC (17:0/22:6)*,,,,,
1-arachidoyl-2-arachidonoyl-GPC (20:0/20:4)*,,,,,
1-oleoyl-2-docosahexaenoyl-GPC (18:1/22:6)*,,,,,
1-linoleoyl-2-docosahexaenoyl-GPC (18:2/22:6)*,,,,,
1-palmityl-2-linoleoyl-GPC (O-16:0/18:2)*,,,6443157.0,,
1-(1-enyl-stearoyl)-2-linoleoyl-GPC (P-18:0/18:2)*,,,,,
1-myristoyl-2-linoleoyl-GPC (14:0/18:2)*,,,,,
1-myristoyl-2-arachidonoyl-GPC (14:0/20:4)*,,,,,
1-myristoyl-2-docosahexaenoyl-GPC (14:0/22:6)*,,,,,
1-stearoyl-2-docosapentaenoyl-GPC (18:0/22:5n3)*,,,,,
1-stearoyl-2-docosapentaenoyl-GPC (18:0/22:5n6)*,,,,,
1-palmitoyl-2-adrenoyl-GPC (16:0/22:4)*,,,,,
1-stearoyl-2-adrenoyl-GPC (18:0/22:4)*,,,,,
1-stearyl-GPC (O-18:0)*,CHEMBL475587,,2733532.0,,
1-oleoyl-2-dihomo-linolenoyl-GPC (18:1/20:3)*,,,,,
1-(1-enyl-palmitoyl)-2-palmitoleoyl-GPC (P-16:0/16:1)*,,,,,
1-(1-enyl-palmitoyl)-2-myristoyl-GPC (P-16:0/14:0)*,,,,,
1-(1-enyl-palmitoyl)-2-palmitoyl-GPC (P-16:0/16:0)*,,,11146967.0,,
"phosphatidylcholine (16:0/22:5n3, 18:1/20:4)*",,,,,
"phosphatidylcholine (18:0/20:5, 16:0/22:5n6)*",,,,,
1-palmitoyl-2-docosahexaenoyl-GPI (16:0/22:6)*,,,,,
1-stearoyl-2-oleoyl-GPI (18:0/18:1)*,,,,,
1-stearoyl-2-dihomo-linolenoyl-GPI (18:0/20:3n3 or 6)*,,,,,
1-palmitoyl-2-eicosapentaenoyl-GPE (16:0/20:5)*,,,,,
1-stearoyl-2-dihomo-linolenoyl-GPE (18:0/20:3n3 or 6)*,,,,,
"1,2-dilinoleoyl-GPE (18:2/18:2)*",,,9546812.0,,
1-oleoyl-2-arachidonoyl-GPE (18:1/20:4)*,,,,,
1-(1-enyl-stearoyl)-2-linoleoyl-GPE (P-18:0/18:2)*,,,,,
1-linoleoyl-GPG (18:2)*,,,,,
thioproline,CHEMBL1235440,,93176.0,,
palmitoylcholine,,,151731.0,,
"trans-3,4-methyleneheptanoylcarnitine",,,,,
mycophenolic acid,CHEMBL866,"C20380,D05096",446541.0,,
glycocholate glucuronide (1),,,,,
glycochenodeoxycholate glucuronide (1),,,,,
(S)-3-hydroxybutyrylcarnitine,,,,,
glycosyl-N-palmitoyl-sphingosine (d18:1/16:0),,,,,
methylsuccinoylcarnitine,,,,,
catechol glucuronide,,,75124209.0,,
sulfamethoxazole,CHEMBL443,"D00285,C07315,D00447",5329.0,,
oleoylcholine,,,,,
arachidonoylcholine,,,,,
docosahexaenoylcholine,,,,,
dihomo-linolenoyl-choline,,,,,
caffeic acid sulfate,,,,,
1-linoleoyl-2-linolenoyl-GPC (18:2/18:3)*,,,,,
1-palmitoleoyl-2-linolenoyl-GPC (16:1/18:3)*,,,,,
"phosphatidylcholine (14:0/14:0, 16:0/12:0)",,,,,
"phosphatidylcholine (15:0/18:1, 17:0/16:1, 16:0/17:1)*",,,,,
1-oleoyl-2-dihomo-linoleoyl-GPC (18:1/20:2)*,,,,,
"phosphatidylcholine (18:0/20:2, 20:0/18:2)*",,,,,
1-(1-enyl-oleoyl)-2-docosahexaenoyl-GPE (P-18:1/22:6)*,,,,,
1-(1-enyl-stearoyl)-2-dihomo-linolenoyl-GPE (P-18:0/20:3)*,,,,,
lamotrigine,CHEMBL741,D00354,3878.0,,
hexadecadienoate (16:2n6),,,13932172.0,,
palmitoleoylcarnitine (C16:1)*,,,71464547.0,,
pimeloylcarnitine/3-methyladipoylcarnitine (C7-DC),,,,,
4-hydroxyphenylacetylglutamine,,,,,
"2,3-dihydroxy-2-methylbutyrate",,,301941.0,,
2'-O-methylcytidine,CHEMBL176605,,150971.0,,
2'-O-methyluridine,,,102212.0,,
gamma-glutamyl-alpha-lysine,,,65254.0,,
palmitoyl-oleoyl-glycerol (16:0/18:1) [1]*,,C13861,,,
palmitoyl-oleoyl-glycerol (16:0/18:1) [2]*,,C13861,,,
oleoyl-oleoyl-glycerol (18:1/18:1)  [1]*,,,,,
oleoyl-oleoyl-glycerol (18:1/18:1) [2]*,,,,,
linoleoyl-arachidonoyl-glycerol (18:2/20:4) [1]*,,,,,
palmitoyl-arachidonoyl-glycerol (16:0/20:4) [2]*,,,,,
linoleoyl-linolenoyl-glycerol (18:2/18:3) [2]*,,,,,
palmitoleoyl-linoleoyl-glycerol (16:1/18:2) [1]*,,,,,
"diacylglycerol (14:0/18:1, 16:0/16:1) [1]*",,,,,
"diacylglycerol (14:0/18:1, 16:0/16:1) [2]*",,,,,
oleoyl-arachidonoyl-glycerol (18:1/20:4) [1]*,,,,,
oleoyl-arachidonoyl-glycerol (18:1/20:4) [2]*,,,,,
"diacylglycerol (16:1/18:2 [2], 16:0/18:3 [1])*",,,,,
linoleoyl-linoleoyl-glycerol (18:2/18:2) [1]*,,,,,
stearoyl-arachidonoyl-glycerol (18:0/20:4) [1]*,,,,,
stearoyl-arachidonoyl-glycerol (18:0/20:4) [2]*,,,,,
perfluorooctanesulfonate (PFOS),CHEMBL1876554,C18142,74483.0,,
1-palmityl-GPE (O-16:0)*,,,,,
1-palmityl-2-stearoyl-GPC (O-16:0/18:0)*,,,11803170.0,,
1-palmityl-2-palmitoyl-GPC (O-16:0/16:0)*,,,145911.0,,
1-stearyl-2-docosapentaenoyl-GPC (O-18:0/22:5n3)*,,,,,
1-stearoyl-2-docosapentaenoyl-GPE (18:0/22:5n3)*,,,,,
1-stearoyl-2-docosapentaenoyl-GPE (18:0/22:5n6)*,,,,,
1-stearoyl-2-adrenoyl-GPE (18:0/22:4)*,,,,,
1-(1-enyl-stearoyl)-2-docosapentaenoyl-GPE (P-18:0/22:5n3)*,,,,,
1-palmitoleoyl-2-eicosapentaenoyl-GPC (16:1/20:5)*,,,,,
palmitoyl-docosahexaenoyl-glycerol (16:0/22:6) [1]*,,,,,
lactosyl-N-nervonoyl-sphingosine (d18:1/24:1)*,,,,,
N-behenoyl-sphingadienine (d18:2/22:0)*,,,,,
glycosyl-N-behenoyl-sphingadienine (d18:2/22:0)*,,,,,
N-palmitoylserine,,,6453686.0,,
palmitoleoyl-arachidonoyl-glycerol (16:1/20:4) [2]*,,,,,
myristoyl-linoleoyl-glycerol (14:0/18:2) [1]*,,,,,
"phosphatidylethanolamine (P-18:1/20:4, P-16:0/22:5n3)*",,,,,
1-palmitoyl-2-(hydroxylinoleoyl)-GPC (16:0/18:2(OH))*,,,,,
"ceramide (d16:1/24:1, d18:1/22:1)*",,,,,
"ceramide (d18:1/14:0, d16:1/16:0)*",,,,,
"ceramide (d18:1/17:0, d17:1/18:0)*",,,,,
"ceramide (d18:2/24:1, d18:1/24:2)*",,,,,
"glycosyl ceramide (d18:2/24:1, d18:1/24:2)*",,,,,
"ceramide (d18:1/20:0, d16:1/22:0, d20:1/18:0)*",,,,,
stearoylcholine*,,,,,
linoleoylcholine*,,,,,
trazadone,CHEMBL621,"C07156,D08626",5533.0,,
"sphingomyelin (d18:0/20:0, d16:0/22:0)*",,,,,
"sphingomyelin (d18:1/19:0, d19:1/18:0)*",,,,,
sphingomyelin (d18:2/18:1)*,,,,,
sphingomyelin (d18:2/24:2)*,,,,,
"sphingomyelin (d18:2/21:0, d16:2/23:0)*",,,,,
sphingomyelin (d18:2/23:1)*,,,,,
"sphingomyelin (d18:1/25:0, d19:0/24:1, d20:1/23:0, d19:1/24:0)*",,,,,
"sphingomyelin (d17:2/16:0, d18:2/15:0)*",,,,,
dexlansoprazole,CHEMBL1201863,D08903,9578005.0,,
linolenoylcarnitine (C18:3)*,,,,,
behenoylcarnitine (C22)*,,,,,
arachidoylcarnitine (C20)*,,,,,
lignoceroylcarnitine (C24)*,,,,,
cerotoylcarnitine (C26)*,,,,,
ximenoylcarnitine (C26:1)*,,,,,
arachidonoylcarnitine (C20:4),,,,,
eicosenoylcarnitine (C20:1)*,,,,,
dihomo-linoleoylcarnitine (C20:2)*,,,,,
dihomo-linolenoylcarnitine (C20:3n3 or 6)*,,,,,
erucoylcarnitine (C22:1)*,,,,,
docosahexaenoylcarnitine (C22:6)*,,,,,
nervonoylcarnitine (C24:1)*,,,,,
adrenoylcarnitine (C22:4)*,,,,,
docosapentaenoylcarnitine (C22:5n3)*,,,,,
levetiracetam,CHEMBL1286,"D00709,C07841",5284583.0,,
1-lignoceroyl-2-arachidonoyl-GPC (24:0/20:4)*,,,,,
"N,N,N-trimethyl-5-aminovalerate",CHEMBL3234375,,14274897.0,,
ethyl alpha-glucopyranoside,,,428040.0,,
carotene diol (1),,,,,
carotene diol (2),,,,,
carotene diol (3),,,,,
cortolone glucuronide (1),,,,,
(N(1) + N(8))-acetylspermidine,CHEMBL176800,C00612,496.0,,
5-dodecenoylcarnitine (C12:1),,,,,
2-butenoylglycine,,,6303498.0,,
hydroxy-CMPF*,,,,,
trans-2-hexenoylglycine,,,,,
dodecenedioate (C12:1-DC)*,,,,,
hexadecenedioate (C16:1-DC)*,,,,,
octadecenedioate (C18:1-DC),,,,,
octadecadienedioate (C18:2-DC)*,,,,,
glucuronide of C19H28O4 (2)*,,,,,
glucuronide of C10H18O2 (1)*,,,,,
3-carboxy-4-methyl-5-pentyl-2-furanpropionate (3-CMPFP)**,CHEMBL4097863,,194501.0,,
glucuronide of C10H18O2 (7)*,,,,,
3-hydroxystachydrine*,,,442640.0,,
N-acetyl-2-aminooctanoate*,,,95555.0,,
hydroxyasparagine**,CHEMBL63902,C03124,97663.0,,
perfluorooctanoate (PFOA),CHEMBL172988,,9554.0,,
glyco-beta-muricholate**,,,,,
3-formylindole,CHEMBL147741,C08493,10256.0,,
pyroglutamylalanine*,,,159907.0,,
pyroglutamylleucine*,,,,,
gamma-glutamylcitrulline*,,,,,
N4-acetylsulfamethoxazole*,CHEMBL3560298,"C13061,D01601",65280.0,,
glycine conjugate of C10H12O2*,,,,,
glycine conjugate of C10H14O2 (1)*,,,,,
glutamine conjugate of C7H12O2*,,,,,
glutamine conjugate of C6H10O2 (1)*,,,,,
glutamine conjugate of C6H10O2 (2)*,,,,,
tetradecadienoate (14:2)*,,,5312409.0,,
3-amino-2-piperidone,,,5200225.0,,
"N,N-dimethylalanine",,,5488191.0,,
3-indoleglyoxylic acid,CHEMBL57285,,73863.0,,
ethyl beta-glucopyranoside,,,121667.0,,
2-hydroxysebacate,,,128458.0,,
enterolactone sulfate,,,,,
ascorbic acid 3-sulfate*,,,11425365.0,,
6-bromotryptophan,CHEMBL513050,,96735.0,,
1-carboxyethylphenylalanine,,,,,
1-carboxyethylvaline,,,,,
1-carboxyethylleucine,,,,,
1-carboxyethylisoleucine,,,,,
dodecadienoate (12:2)*,,,,,
N-acetyl-isoputreanine,,,131802901.0,,
glucuronide of piperine metabolite C17H21NO3 (3)*,,,,,
glucuronide of piperine metabolite C17H21NO3 (4)*,,,,,
glucuronide of piperine metabolite C17H21NO3 (5)*,,,,,
sulfate of piperine metabolite C16H19NO3 (2)*,,,,,
sulfate of piperine metabolite C16H19NO3 (3)*,,,,,
sulfate of piperine metabolite C18H21NO3 (1)*,,,,,
2-naphthol sulfate,,,74428.0,,
4-ethylcatechol sulfate,,,,,
11beta-hydroxyandrosterone glucuronide,,,,,
"N2-acetyl,N6,N6-dimethyllysine",,,,,
cholic acid glucuronide,,,,,
deoxycholic acid glucuronide,,,,,
4-allylcatechol sulfate,,,,,
3-hydroxypyridine glucuronide,,,,,
4-methylhexanoylglutamine,,,,,
glycoursodeoxycholic acid sulfate (1),,,,,
dihydrocaffeate sulfate (2),,,49844181.0,,
lithocholate sulfate (1),,,,,
3-(methylthio)acetaminophen sulfate*,,,,,
2-ketocaprylate,,,67600.0,,
"2,3-dihydroxy-5-methylthio-4-pentenoate (DMTPA)*",,,,,
Fibrinopeptide B (1-13)**,,,,,
3-hydroxy-2-methylpyridine sulfate,,,,,
hydroxypalmitoyl sphingomyelin (d18:1/16:0(OH))**,,,,,
cyclo(pro-arg)*,,,,,
5-hydroxymethyl-2-furoylcarnitine*,,,,,
branched-chain fatty acid 18:0 (2)**,,,,,
tetradecadienedioate (C14:2-DC)*,,,,,
pregnenetriol disulfate*,,,,,
eicosenedioate (C20:1-DC)*,,,,,
"hydroxy-N6,N6,N6-trimethyllysine*",,,,,
undecenoylcarnitine (C11:1),,,,,
3-decenoylcarnitine,,,,,
palmitoyl-sphingosine-phosphoethanolamine (d18:1/16:0),,,,,
4-vinylcatechol sulfate,,,,,
"3,5-dichloro-2,6-dihydroxybenzoic acid",,,,,
(S)-a-amino-omega-caprolactam,CHEMBL40172,C05328,439823.0,,
metabolonic lactone sulfate,,,,,
vanillic acid glycine,,,3083688.0,,
branched chain 14:0 dicarboxylic acid**,,,,,
(2 or 3)-decenoate (10:1n7 or n8),,,,,
isoursodeoxycholate sulfate (1),,,,,
"branched-chain, straight-chain, or cyclopropyl 10:1 fatty acid (1)*",,,,,
"3-bromo-5-chloro-2,6-dihydroxybenzoic acid*",,,,,
"branched-chain, straight-chain, or cyclopropyl 12:1 fatty acid*",,,,,
decadienedioic acid (C10:2-DC)**,,,,,
deoxycholic acid 12-sulfate*,,,,,
GlcNAc sulfate conjugate of C21H34O2 steroid**,,,,,
"cis-3,4-methyleneheptanoate",,,,,
"cis-3,4-methyleneheptanoylcarnitine",,,,,
N-acetyl-2-aminoadipate,,C12986,443992.0,,
4-chlorobenzoic acid,,,,,
"2,4-di-tert-butylphenol",,,,,
3-hydroxyoctanoylcarnitine (1),,,,,
"cis-3,4-methyleneheptanoylglycine",,,,,
"bilirubin degradation product, C16H18N2O5 (1)**",,,,,
"bilirubin degradation product, C16H18N2O5 (2)**",,,,,
"bilirubin degradation product, C17H18N2O4 (1)**",,,,,
"bilirubin degradation product, C17H18N2O4 (2)**",,,,,
"bilirubin degradation product, C17H18N2O4 (3)**",,,,,
"bilirubin degradation product, C17H20N2O5 (1)**",,,,,
"bilirubin degradation product, C17H20N2O5 (2)**",,,,,
tetrahydrocortisol glucuronide,,,,,
"N,N-dimethyl-pro-pro",,,,,
oxindolylalanine,,,20977764.0,,
tetrahydrocortisone glucuronide (5),,,,,
X - 11381,,,,,
X - 11787,,,,,
X - 11795,,,,,
X - 21258,,,,,
X - 19438,,,,,
X - 15486,,,,,
X - 15461,,,,,
X - 21285,,,,,
X - 21286,,,,,
X - 21295,,,,,
X - 12714,,,,,
X - 21310,,,,,
X - 09789,,,,,
X - 21312,,,,,
X - 21315,,,,,
X - 21318,,,,,
X - 21319,,,,,
X - 12847,,,,,
X - 21339,,,,,
X - 21341,,,,,
X - 11308,,,,,
X - 21353,,,,,
X - 21364,,,,,
X - 13866,,,,,
X - 21383,,,,,
X - 21410,,,,,
X - 11444,,,,,
X - 16124,,,,,
X - 11843,,,,,
X - 21441,,,,,
X - 21442,,,,,
X - 11847,,,,,
X - 11850,,,,,
X - 12544,,,,,
X - 16938,,,,,
X - 21467,,,,,
X - 21470,,,,,
X - 21471,,,,,
X - 11852,,,,,
X - 07765,,,,,
X - 11299,,,,,
X - 11372,,,,,
X - 11378,,,,,
X - 11470,,,,,
X - 11478,,,,,
X - 11849,,,,,
X - 11880,,,,,
X - 12007,,,,,
X - 12013,,,,,
X - 12216,,,,,
X - 12407,,,,,
X - 12411,,,,,
X - 12462,,,,,
X - 12729,,,,,
X - 12798,,,,,
X - 12740,,,,,
X - 12816,,,,,
X - 14056,,,,,
X - 12844,,,,,
X - 12849,,,,,
X - 12851,,,,,
X - 13728,,,,,
X - 13835,,,,,
X - 14568,,,,,
X - 14658,,,,,
X - 14939,,,,,
X - 15220,,,,,
X - 15245,,,,,
X - 15674,,,,,
X - 15728,,,,,
X - 16576,,,,,
X - 21607,,,,,
X - 16935,,,,,
X - 16964,,,,,
X - 18901,,,,,
X - 18913,,,,,
X - 18922,,,,,
X - 19141,,,,,
X - 17438,,,,,
X - 17653,,,,,
X - 17690,,,,,
X - 21733,,,,,
X - 21736,,,,,
X - 21737,,,,,
X - 21742,,,,,
X - 21752,,,,,
X - 12104,,,,,
X - 12126,,,,,
X - 17676,,,,,
X - 21796,,,,,
X - 12718,,,,,
X - 17365,,,,,
X - 15503,,,,,
X - 21803,,,,,
X - 12193,,,,,
X - 12812,,,,,
X - 17348,,,,,
X - 21815,,,,,
X - 21816,,,,,
X - 17367,,,,,
X - 12822,,,,,
X - 21821,,,,,
X - 21829,,,,,
X - 17354,,,,,
X - 21834,,,,,
X - 12839,,,,,
X - 21838,,,,,
X - 21839,,,,,
X - 21840,,,,,
X - 21842,,,,,
X - 21845,,,,,
X - 12848,,,,,
X - 21851,,,,,
X - 21935,,,,,
X - 13007,,,,,
X - 14904,,,,,
X - 18887,,,,,
X - 18345,,,,,
X - 22162,,,,,
X - 12680,,,,,
X - 10458,,,,,
X - 11632,,,,,
X - 12027,,,,,
X - 19561,,,,,
X - 12456,,,,,
X - 12101,,,,,
X - 12125,,,,,
X - 11483,,,,,
X - 11593,,,,,
X - 11858,,,,,
X - 12261,,,,,
X - 12830,,,,,
X - 13658,,,,,
X - 18899,,,,,
X - 18921,,,,,
X - 19183,,,,,
X - 19455,,,,,
X - 12100,,,,,
X - 12117,,,,,
X - 12127,,,,,
X - 12283,,,,,
X - 12753,,,,,
X - 22509,,,,,
X - 13431,,,,,
X - 13684,,,,,
X - 17304,,,,,
X - 16397,,,,,
X - 16580,,,,,
X - 17325,,,,,
X - 17328,,,,,
X - 17335,,,,,
X - 12026,,,,,
X - 12170,,,,,
X - 12257,,,,,
X - 12306,,,,,
X - 12410,,,,,
X - 12543,,,,,
X - 12707,,,,,
X - 12726,,,,,
X - 12730,,,,,
X - 12731,,,,,
X - 12738,,,,,
X - 12818,,,,,
X - 12906,,,,,
X - 13553,,,,,
X - 13688,,,,,
X - 13726,,,,,
X - 13729,,,,,
X - 13844,,,,,
X - 16087,,,,,
X - 16649,,,,,
X - 17010,,,,,
X - 17346,,,,,
X - 17351,,,,,
X - 17353,,,,,
X - 17357,,,,,
X - 17361,,,,,
X - 17371,,,,,
X - 17655,,,,,
X - 17685,,,,,
X - 18886,,,,,
X - 18888,,,,,
X - 22771,,,,,
X - 22776,,,,,
X - 22789,,,,,
X - 22834,,,,,
X - 23587,,,,,
X - 23636,,,,,
X - 23639,,,,,
X - 23641,,,,,
X - 23644,,,,,
X - 23648,,,,,
X - 23652,,,,,
X - 23655,,,,,
X - 23669,,,,,
X - 23678,,,,,
X - 23680,,,,,
X - 11315,,,,,
X - 23739,,,,,
X - 23776,,,,,
X - 23780,,,,,
X - 23782,,,,,
X - 23787,,,,,
X - 23890,,,,,
X - 23974,,,,,
X - 23997,,,,,
X - 24241,,,,,
X - 24243,,,,,
X - 24295,,,,,
X - 24306,,,,,
X - 24307,,,,,
X - 24309,,,,,
X - 24328,,,,,
X - 24334,,,,,
X - 24337,,,,,
X - 24352,,,,,
X - 24422,,,,,
X - 24411,,,,,
X - 24418,,,,,
X - 24425,,,,,
X - 24431,,,,,
X - 24432,,,,,
X - 24456,,,,,
X - 12111,,,,,
X - 24518,,,,,
X - 24522,,,,,
X - 24541,,,,,
X - 24544,,,,,
X - 24545,,,,,
X - 24546,,,,,
X - 24549,,,,,
X - 24556,,,,,
X - 24571,,,,,
X - 24585,,,,,
X - 24588,,,,,
X - 24637,,,,,
X - 24686,,,,,
X - 24728,,,,,
X - 24736,,,,,
X - 24747,,,,,
X - 24748,,,,,
X - 24803,,,,,
X - 24804,,,,,
X - 24806,,,,,
X - 24811,,,,,
X - 24812,,,,,
